,Player,W,T,L,Win %,Total
0,A.J. Feeley,2.0,0.0,8.0,0.2,10.0
1,A.J. McCarron,0.0,0.0,2.0,0.0,2.0
2,Aaron Brooks,10.0,0.0,32.0,0.23809523809523808,42.0
3,Aaron Rodgers,46.0,1.0,50.0,0.4793814432989691,97.0
4,Adrian Breen,0.0,0.0,1.0,0.0,1.0
5,Aidan O'Connell,1.0,0.0,3.0,0.25,4.0
6,Akili Smith,1.0,0.0,10.0,0.09090909090909091,11.0
7,Al Woodall,3.0,0.0,9.0,0.25,12.0
8,Alan Pastrana,0.0,0.0,1.0,0.0,1.0
9,Alan Risher,1.0,0.0,0.0,1.0,1.0
10,Alex Smith,29.0,0.0,45.0,0.3918918918918919,74.0
11,Alex Van Pelt,2.0,0.0,7.0,0.2222222222222222,9.0
12,Andre Ware,0.0,0.0,1.0,0.0,1.0
13,Andrew Luck,19.0,0.0,23.0,0.4523809523809524,42.0
14,Andrew Walter,0.0,0.0,5.0,0.0,5.0
15,Andy Dalton,24.0,1.0,47.0,0.3402777777777778,72.0
16,Anthony Brown,0.0,0.0,1.0,0.0,1.0
17,Anthony Dilweg,0.0,0.0,3.0,0.0,3.0
18,Anthony Richardson,1.0,0.0,2.0,0.3333333333333333,3.0
19,Anthony Wright,1.0,0.0,7.0,0.125,8.0
20,Archie Manning,12.0,2.0,48.0,0.20967741935483872,62.0
21,Art Schlichter,0.0,0.0,4.0,0.0,4.0
22,Austin Davis,1.0,0.0,6.0,0.14285714285714285,7.0
23,Babe Laufenberg,1.0,0.0,1.0,0.5,2.0
24,Babe Parilli,5.0,2.0,7.0,0.42857142857142855,14.0
25,Bailey Zappe,2.0,0.0,2.0,0.5,4.0
26,Baker Mayfield,10.0,0.0,33.0,0.23255813953488372,43.0
27,Bart Starr,10.0,0.0,17.0,0.37037037037037035,27.0
28,Ben Roethlisberger,58.0,0.0,47.0,0.5523809523809524,105.0
29,Bernie Kosar,17.0,1.0,29.0,0.3723404255319149,47.0
30,Bert Jones,11.0,0.0,27.0,0.2894736842105263,38.0
31,Bill Demory,0.0,0.0,2.0,0.0,2.0
32,Bill Kenney,12.0,0.0,23.0,0.34285714285714286,35.0
33,Bill Munson,4.0,1.0,15.0,0.225,20.0
34,Bill Musgrave,0.0,0.0,1.0,0.0,1.0
35,Bill Nelsen,10.0,0.0,12.0,0.45454545454545453,22.0
36,Bill Troup,2.0,0.0,4.0,0.3333333333333333,6.0
37,Billy Joe Hobert,0.0,0.0,4.0,0.0,4.0
38,Billy Joe Tolliver,3.0,0.0,23.0,0.11538461538461539,26.0
39,Billy Kilmer,16.0,0.0,30.0,0.34782608695652173,46.0
40,Billy Volek,0.0,0.0,3.0,0.0,3.0
41,Blaine Gabbert,5.0,0.0,23.0,0.17857142857142858,28.0
42,Blair Kiel,0.0,0.0,2.0,0.0,2.0
43,Blake Bortles,6.0,0.0,32.0,0.15789473684210525,38.0
44,Bob Avellini,5.0,0.0,16.0,0.23809523809523808,21.0
45,Bob Berry,5.0,2.0,20.0,0.2222222222222222,27.0
46,Bob Bleier,0.0,0.0,1.0,0.0,1.0
47,Bob Davis,1.0,1.0,5.0,0.21428571428571427,7.0
48,Bob Gagliano,1.0,0.0,4.0,0.2,5.0
49,Bob Griese,22.0,1.0,37.0,0.375,60.0
50,Bob Lee,4.0,0.0,6.0,0.4,10.0
51,Bobby Douglass,5.0,0.0,23.0,0.17857142857142858,28.0
52,Bobby Hebert,17.0,0.0,26.0,0.3953488372093023,43.0
53,Bobby Hoying,1.0,0.0,5.0,0.16666666666666666,6.0
54,Bobby Scott,1.0,0.0,7.0,0.125,8.0
55,Boomer Esiason,29.0,0.0,60.0,0.3258426966292135,89.0
56,Brad Goebel,0.0,0.0,1.0,0.0,1.0
57,Brad Johnson,20.0,0.0,34.0,0.37037037037037035,54.0
58,Brad Smith,1.0,0.0,0.0,1.0,1.0
59,Brady Quinn,1.0,0.0,8.0,0.1111111111111111,9.0
60,Brandon Allen,0.0,0.0,4.0,0.0,4.0
61,Brandon Weeden,1.0,0.0,10.0,0.09090909090909091,11.0
62,Brent Pease,2.0,0.0,1.0,0.6666666666666666,3.0
63,Brett Favre,58.0,0.0,63.0,0.4793388429752066,121.0
64,Brett Hundley,0.0,0.0,6.0,0.0,6.0
65,Brett Rypien,0.0,0.0,1.0,0.0,1.0
66,Brian Brohm,0.0,0.0,2.0,0.0,2.0
67,Brian Griese,16.0,0.0,20.0,0.4444444444444444,36.0
68,Brian Hoyer,5.0,0.0,14.0,0.2631578947368421,19.0
69,Brian Sipe,15.0,0.0,35.0,0.3,50.0
70,Brian St. Pierre,0.0,0.0,1.0,0.0,1.0
71,Brock Huard,0.0,0.0,3.0,0.0,3.0
72,Brock Osweiler,6.0,0.0,8.0,0.42857142857142855,14.0
73,Brock Purdy,9.0,0.0,3.0,0.75,12.0
74,Brodie Croyle,0.0,0.0,6.0,0.0,6.0
75,Brooks Bollinger,0.0,0.0,6.0,0.0,6.0
76,Browning Nagle,1.0,0.0,6.0,0.14285714285714285,7.0
77,Bruce Gradkowski,4.0,0.0,6.0,0.4,10.0
78,Bruce Lemmerman,0.0,0.0,2.0,0.0,2.0
79,Bruce Mathison,1.0,0.0,3.0,0.25,4.0
80,Bryce Perkins,0.0,0.0,1.0,0.0,1.0
81,Bryce Petty,0.0,0.0,5.0,0.0,5.0
82,Bryce Young,1.0,0.0,10.0,0.09090909090909091,11.0
83,Bubby Brister,7.0,0.0,26.0,0.21212121212121213,33.0
84,Bucky Richardson,0.0,0.0,2.0,0.0,2.0
85,Buddy Humphrey,0.0,0.0,1.0,0.0,1.0
86,Byron Leftwich,10.0,0.0,14.0,0.4166666666666667,24.0
87,C.J. Beathard,0.0,0.0,6.0,0.0,6.0
88,C.J. Stroud,6.0,0.0,3.0,0.6666666666666666,9.0
89,Cade McNown,1.0,0.0,10.0,0.09090909090909091,11.0
90,Cam Newton,22.0,1.0,42.0,0.34615384615384615,65.0
91,Carlos Brown,0.0,0.0,2.0,0.0,2.0
92,Carson Palmer,30.0,1.0,57.0,0.3465909090909091,88.0
93,Carson Wentz,18.0,0.0,31.0,0.3673469387755102,49.0
94,Cary Conklin,0.0,0.0,1.0,0.0,1.0
95,Case Keenum,12.0,0.0,20.0,0.375,32.0
96,Chad Henne,5.0,0.0,20.0,0.2,25.0
97,Chad Hutchinson,0.0,0.0,6.0,0.0,6.0
98,Chad Pennington,12.0,0.0,24.0,0.3333333333333333,36.0
99,Charley Johnson,9.0,4.0,25.0,0.2894736842105263,38.0
100,Charlie Batch,11.0,0.0,19.0,0.36666666666666664,30.0
101,Charlie Frye,2.0,0.0,9.0,0.18181818181818182,11.0
102,Charlie Whitehurst,0.0,0.0,4.0,0.0,4.0
103,Chase Daniel,1.0,0.0,1.0,0.5,2.0
104,Chris Chandler,14.0,0.0,56.0,0.2,70.0
105,Chris Miller,14.0,0.0,37.0,0.27450980392156865,51.0
106,Chris Redman,3.0,0.0,5.0,0.375,8.0
107,Chris Simms,2.0,0.0,5.0,0.2857142857142857,7.0
108,Chris Streveler,0.0,0.0,1.0,0.0,1.0
109,Chris Weinke,0.0,0.0,9.0,0.0,9.0
110,Christian Ponder,4.0,1.0,13.0,0.25,18.0
111,Chuck Long,0.0,0.0,12.0,0.0,12.0
112,Clayton Tune,0.0,0.0,1.0,0.0,1.0
113,Cleo Lemon,0.0,0.0,5.0,0.0,5.0
114,Cliff Olander,1.0,0.0,0.0,1.0,1.0
115,Cliff Stoudt,2.0,0.0,6.0,0.25,8.0
116,Clint Longley,1.0,0.0,0.0,1.0,1.0
117,Cody Carlson,3.0,0.0,6.0,0.3333333333333333,9.0
118,Cody Kessler,1.0,0.0,7.0,0.125,8.0
119,Cody Pickett,0.0,0.0,2.0,0.0,2.0
120,Colin Kaepernick,11.0,0.0,19.0,0.36666666666666664,30.0
121,Colt McCoy,5.0,0.0,17.0,0.22727272727272727,22.0
122,Connor Shaw,0.0,0.0,1.0,0.0,1.0
123,Cooper Rush,2.0,0.0,1.0,0.6666666666666666,3.0
124,Cotton Davidson,0.0,0.0,2.0,0.0,2.0
125,Craig Erickson,6.0,0.0,14.0,0.3,20.0
126,Craig Krenzel,0.0,0.0,1.0,0.0,1.0
127,Craig Morton,23.0,0.0,40.0,0.36507936507936506,63.0
128,Craig Whelihan,0.0,0.0,6.0,0.0,6.0
129,Curtis Painter,0.0,0.0,4.0,0.0,4.0
130,Dak Prescott,26.0,0.0,29.0,0.4727272727272727,55.0
131,Damon Huard,5.0,0.0,6.0,0.45454545454545453,11.0
132,Dan Darragh,1.0,0.0,6.0,0.14285714285714285,7.0
133,Dan Fouts,25.0,1.0,55.0,0.3148148148148148,81.0
134,Dan Manucci,0.0,0.0,1.0,0.0,1.0
135,Dan Marino,52.0,0.0,63.0,0.45217391304347826,115.0
136,Dan McGwire,0.0,0.0,3.0,0.0,3.0
137,Dan Orlovsky,2.0,0.0,5.0,0.2857142857142857,7.0
138,Dan Pastorini,18.0,0.0,45.0,0.2857142857142857,63.0
139,Daniel Jones,5.0,0.0,22.0,0.18518518518518517,27.0
140,Danny Kanell,3.0,1.0,9.0,0.2692307692307692,13.0
141,Danny White,19.0,0.0,15.0,0.5588235294117647,34.0
142,Danny Wuerffel,1.0,0.0,4.0,0.2,5.0
143,Daryle Lamonica,20.0,2.0,13.0,0.6,35.0
144,Daunte Culpepper,14.0,0.0,37.0,0.27450980392156865,51.0
145,Dave Brown,4.0,0.0,23.0,0.14814814814814814,27.0
146,Dave Krieg,33.0,0.0,50.0,0.39759036144578314,83.0
147,Dave Mays,0.0,0.0,2.0,0.0,2.0
148,Dave Walter,1.0,0.0,1.0,0.5,2.0
149,Dave Wilson,4.0,0.0,12.0,0.25,16.0
150,David Archer,2.0,1.0,8.0,0.22727272727272727,11.0
151,David Blough,0.0,0.0,3.0,0.0,3.0
152,David Carr,6.0,0.0,32.0,0.15789473684210525,38.0
153,David Garrard,9.0,0.0,22.0,0.2903225806451613,31.0
154,David Humm,0.0,0.0,1.0,0.0,1.0
155,David Klingler,1.0,0.0,11.0,0.08333333333333333,12.0
156,David Norrie,0.0,0.0,1.0,0.0,1.0
157,David Whitehurst,3.0,1.0,15.0,0.18421052631578946,19.0
158,David Woodley,7.0,1.0,7.0,0.5,15.0
159,Davis Mills,2.0,0.0,13.0,0.13333333333333333,15.0
160,Davis Webb,0.0,0.0,1.0,0.0,1.0
161,DeShone Kizer,0.0,0.0,9.0,0.0,9.0
162,Dennis Claridge,0.0,0.0,1.0,0.0,1.0
163,Dennis Dixon,1.0,0.0,1.0,0.5,2.0
164,Dennis Morrison,0.0,0.0,1.0,0.0,1.0
165,Dennis Shaw,2.0,2.0,16.0,0.15,20.0
166,Derek Anderson,2.0,0.0,18.0,0.1,20.0
167,Derek Carr,24.0,0.0,59.0,0.2891566265060241,83.0
168,Deshaun Watson,11.0,0.0,21.0,0.34375,32.0
169,Desmond Ridder,4.0,0.0,5.0,0.4444444444444444,9.0
170,Devlin Hodges,0.0,0.0,2.0,0.0,2.0
171,Dewey Warren,0.0,0.0,4.0,0.0,4.0
172,Dick Shiner,2.0,1.0,8.0,0.22727272727272727,11.0
173,Dick Wood,0.0,0.0,3.0,0.0,3.0
174,Dieter Brock,2.0,0.0,2.0,0.5,4.0
175,Don Horn,1.0,1.0,5.0,0.21428571428571427,7.0
176,Don Majkowski,6.0,1.0,18.0,0.26,25.0
177,Don Meredith,7.0,1.0,4.0,0.625,12.0
178,Don Strock,6.0,0.0,3.0,0.6666666666666666,9.0
179,Don Trull,0.0,0.0,8.0,0.0,8.0
180,Donald Hollas,0.0,0.0,4.0,0.0,4.0
181,Donovan McNabb,28.0,0.0,36.0,0.4375,64.0
182,Dorian Thompson-Robinson,1.0,0.0,1.0,0.5,2.0
183,Doug Flutie,14.0,0.0,17.0,0.45161290322580644,31.0
184,Doug Hudson,0.0,0.0,1.0,0.0,1.0
185,Doug Johnson,2.0,0.0,5.0,0.2857142857142857,7.0
186,Doug Pederson,0.0,0.0,9.0,0.0,9.0
187,Doug Williams,8.0,0.0,17.0,0.32,25.0
188,Drew Bledsoe,31.0,0.0,71.0,0.30392156862745096,102.0
189,Drew Brees,53.0,0.0,69.0,0.4344262295081967,122.0
190,Drew Lock,3.0,0.0,10.0,0.23076923076923078,13.0
191,Drew Stanton,5.0,0.0,4.0,0.5555555555555556,9.0
192,Dwayne Haskins,0.0,0.0,6.0,0.0,6.0
193,EJ Manuel,1.0,0.0,5.0,0.16666666666666666,6.0
194,Earl Morrall,8.0,1.0,8.0,0.5,17.0
195,Easton Stick,0.0,0.0,2.0,0.0,2.0
196,Ed Luther,2.0,0.0,6.0,0.25,8.0
197,Ed Rutkowski,0.0,0.0,1.0,0.0,1.0
198,Edd Hargett,1.0,1.0,5.0,0.21428571428571427,7.0
199,Eli Manning,32.0,0.0,79.0,0.2882882882882883,111.0
200,Elvis Grbac,8.0,0.0,16.0,0.3333333333333333,24.0
201,Eric Hipple,8.0,0.0,13.0,0.38095238095238093,21.0
202,Eric Zeier,0.0,0.0,3.0,0.0,3.0
203,Erik Kramer,9.0,0.0,28.0,0.24324324324324326,37.0
204,Erik Wilhelm,0.0,0.0,1.0,0.0,1.0
205,Fran Tarkenton,25.0,2.0,43.0,0.37142857142857144,70.0
206,Frank Reich,2.0,0.0,11.0,0.15384615384615385,13.0
207,Frank Ryan,4.0,0.0,8.0,0.3333333333333333,12.0
208,Gale Gilbert,0.0,0.0,3.0,0.0,3.0
209,Gardner Minshew II,5.0,0.0,13.0,0.2777777777777778,18.0
210,Garrett Gilbert,0.0,0.0,2.0,0.0,2.0
211,Gary Cuozzo,8.0,0.0,10.0,0.4444444444444444,18.0
212,Gary Danielson,8.0,0.0,16.0,0.3333333333333333,24.0
213,Gary Hogeboom,5.0,0.0,14.0,0.2631578947368421,19.0
214,Gary Huff,0.0,0.0,10.0,0.0,10.0
215,Gary Keithley,1.0,0.0,1.0,0.5,2.0
216,Gary Kubiak,3.0,0.0,1.0,0.75,4.0
217,Gary Marangi,0.0,0.0,3.0,0.0,3.0
218,Gary Wood,0.0,0.0,4.0,0.0,4.0
219,Geno Smith,7.0,0.0,22.0,0.2413793103448276,29.0
220,George Blanda,1.0,0.0,2.0,0.3333333333333333,3.0
221,George Izo,0.0,0.0,2.0,0.0,2.0
222,George Mira,2.0,0.0,0.0,1.0,2.0
223,George Wilson,0.0,0.0,4.0,0.0,4.0
224,Gifford Nielsen,0.0,0.0,7.0,0.0,7.0
225,Glenn Foley,0.0,0.0,4.0,0.0,4.0
226,Greg Cook,3.0,0.0,3.0,0.5,6.0
227,Greg Landry,10.0,0.0,33.0,0.23255813953488372,43.0
228,Guido Merkens,0.0,0.0,1.0,0.0,1.0
229,Gus Frerotte,16.0,1.0,19.0,0.4583333333333333,36.0
230,Heath Shuler,2.0,0.0,5.0,0.2857142857142857,7.0
231,Henry Burris,0.0,0.0,1.0,0.0,1.0
232,Hugh Millen,2.0,0.0,8.0,0.2,10.0
233,Ian Book,0.0,0.0,1.0,0.0,1.0
234,J.P. Losman,1.0,0.0,18.0,0.05263157894736842,19.0
235,J.T. O'Sullivan,0.0,0.0,4.0,0.0,4.0
236,JaMarcus Russell,3.0,0.0,9.0,0.25,12.0
237,Jack Concannon,5.0,0.0,16.0,0.23809523809523808,21.0
238,Jack Kemp,2.0,1.0,13.0,0.15625,16.0
239,Jack Thompson,0.0,0.0,8.0,0.0,8.0
240,Jack Trudeau,8.0,0.0,19.0,0.2962962962962963,27.0
241,Jacky Lee,0.0,0.0,2.0,0.0,2.0
242,Jacoby Brissett,6.0,0.0,18.0,0.25,24.0
243,Jake Browning,3.0,0.0,3.0,0.5,6.0
244,Jake Delhomme,13.0,0.0,26.0,0.3333333333333333,39.0
245,Jake Fromm,0.0,0.0,1.0,0.0,1.0
246,Jake Locker,2.0,0.0,8.0,0.2,10.0
247,Jake Luton,0.0,0.0,2.0,0.0,2.0
248,Jake Plummer,17.0,0.0,33.0,0.34,50.0
249,Jalen Hurts,15.0,0.0,9.0,0.625,24.0
250,Jameis Winston,8.0,0.0,25.0,0.24242424242424243,33.0
251,James Harris,5.0,0.0,10.0,0.3333333333333333,15.0
252,Jamie Martin,2.0,0.0,1.0,0.6666666666666666,3.0
253,Jared Goff,23.0,1.0,32.0,0.41964285714285715,56.0
254,Jaren Hall,0.0,0.0,1.0,0.0,1.0
255,Jarious Jackson,0.0,0.0,1.0,0.0,1.0
256,Jarrett Stidham,0.0,0.0,2.0,0.0,2.0
257,Jason Campbell,9.0,0.0,25.0,0.2647058823529412,34.0
258,Jason Garrett,1.0,0.0,0.0,1.0,1.0
259,Jay Cutler,21.0,0.0,52.0,0.2876712328767123,73.0
260,Jay Fiedler,12.0,0.0,18.0,0.4,30.0
261,Jay Schroeder,17.0,0.0,28.0,0.37777777777777777,45.0
262,Jeb Blount,0.0,0.0,1.0,0.0,1.0
263,Jeff Blake,8.0,0.0,36.0,0.18181818181818182,44.0
264,Jeff Carlson,0.0,0.0,2.0,0.0,2.0
265,Jeff Christensen,1.0,0.0,1.0,0.5,2.0
266,Jeff Driskel,0.0,0.0,5.0,0.0,5.0
267,Jeff Garcia,13.0,0.0,36.0,0.2653061224489796,49.0
268,Jeff George,10.0,0.0,42.0,0.19230769230769232,52.0
269,Jeff Hostetler,16.0,0.0,20.0,0.4444444444444444,36.0
270,Jeff Kemp,4.0,0.0,10.0,0.2857142857142857,14.0
271,Jeff Komlo,1.0,0.0,8.0,0.1111111111111111,9.0
272,Jeff Rutledge,1.0,1.0,6.0,0.1875,8.0
273,Jeff Tuel,0.0,0.0,1.0,0.0,1.0
274,Jeff Van Raaphorst,0.0,0.0,1.0,0.0,1.0
275,Jerry Golsteyn,1.0,0.0,2.0,0.3333333333333333,3.0
276,Jerry Rhome,0.0,0.0,3.0,0.0,3.0
277,Jerry Tagge,1.0,0.0,3.0,0.25,4.0
278,Jesse Freitas,1.0,0.0,3.0,0.25,4.0
279,Jesse Palmer,0.0,0.0,2.0,0.0,2.0
280,Jim Crocicchia,0.0,0.0,1.0,0.0,1.0
281,Jim Del Gaizo,0.0,0.0,3.0,0.0,3.0
282,Jim Everett,21.0,0.0,57.0,0.2692307692307692,78.0
283,Jim Harbaugh,20.0,0.0,44.0,0.3125,64.0
284,Jim Hart,21.0,2.0,54.0,0.2857142857142857,77.0
285,Jim Kelly,41.0,0.0,34.0,0.5466666666666666,75.0
286,Jim LeClair,0.0,0.0,2.0,0.0,2.0
287,Jim McMahon,24.0,0.0,20.0,0.5454545454545454,44.0
288,Jim Miller,5.0,0.0,9.0,0.35714285714285715,14.0
289,Jim Ninowski,0.0,0.0,1.0,0.0,1.0
290,Jim Plunkett,19.0,0.0,44.0,0.30158730158730157,63.0
291,Jim Zorn,15.0,0.0,34.0,0.30612244897959184,49.0
292,Jimmy Clausen,0.0,0.0,10.0,0.0,10.0
293,Jimmy Garoppolo,17.0,0.0,14.0,0.5483870967741935,31.0
294,Joe Burrow,13.0,0.0,15.0,0.4642857142857143,28.0
295,Joe Ferguson,16.0,0.0,58.0,0.21621621621621623,74.0
296,Joe Flacco,29.0,0.0,54.0,0.3493975903614458,83.0
297,Joe Gilliam,0.0,1.0,2.0,0.16666666666666666,3.0
298,Joe Kapp,9.0,2.0,11.0,0.45454545454545453,22.0
299,Joe Montana,43.0,0.0,21.0,0.671875,64.0
300,Joe Namath,9.0,3.0,42.0,0.19444444444444445,54.0
301,Joe Pisarcik,2.0,0.0,11.0,0.15384615384615385,13.0
302,Joe Reed,1.0,0.0,6.0,0.14285714285714285,7.0
303,Joe Theismann,26.0,0.0,27.0,0.49056603773584906,53.0
304,Joe Webb,1.0,0.0,0.0,1.0,1.0
305,Joey Harrington,7.0,0.0,31.0,0.18421052631578946,38.0
306,John Beck,0.0,0.0,2.0,0.0,2.0
307,John Brodie,11.0,3.0,26.0,0.3125,40.0
308,John Elway,46.0,0.0,53.0,0.46464646464646464,99.0
309,John Fourcade,3.0,0.0,1.0,0.75,4.0
310,John Friesz,5.0,0.0,15.0,0.25,20.0
311,John Hadl,19.0,3.0,42.0,0.3203125,64.0
312,John Hufnagel,0.0,0.0,1.0,0.0,1.0
313,John McCormick,0.0,0.0,2.0,0.0,2.0
314,John Reaves,2.0,0.0,7.0,0.2222222222222222,9.0
315,John Skelton,1.0,0.0,7.0,0.125,8.0
316,John Stofa,0.0,0.0,2.0,0.0,2.0
317,John Witkowski,0.0,0.0,1.0,0.0,1.0
318,John Wolford,0.0,0.0,1.0,0.0,1.0
319,Johnny Manziel,0.0,0.0,5.0,0.0,5.0
320,Johnny Unitas,11.0,1.0,13.0,0.46,25.0
321,Jon Kitna,17.0,0.0,35.0,0.3269230769230769,52.0
322,Jonathan Quinn,0.0,0.0,3.0,0.0,3.0
323,Jordan Love,4.0,0.0,4.0,0.5,8.0
324,Josh Allen,23.0,0.0,19.0,0.5476190476190477,42.0
325,Josh Freeman,7.0,0.0,22.0,0.2413793103448276,29.0
326,Josh Johnson,0.0,0.0,5.0,0.0,5.0
327,Josh McCown,7.0,0.0,26.0,0.21212121212121213,33.0
328,Josh Rosen,0.0,0.0,6.0,0.0,6.0
329,Joshua Dobbs,2.0,0.0,7.0,0.2222222222222222,9.0
330,June Jones,1.0,0.0,2.0,0.3333333333333333,3.0
331,Justin Fields,3.0,0.0,19.0,0.13636363636363635,22.0
332,Justin Herbert,7.0,0.0,20.0,0.25925925925925924,27.0
333,Karl Sweetan,1.0,0.0,6.0,0.14285714285714285,7.0
334,Kay Stephenson,0.0,0.0,1.0,0.0,1.0
335,Keith Null,0.0,0.0,2.0,0.0,2.0
336,Kellen Clemens,3.0,0.0,11.0,0.21428571428571427,14.0
337,Kellen Moore,0.0,0.0,1.0,0.0,1.0
338,Kelly Holcomb,3.0,0.0,8.0,0.2727272727272727,11.0
339,Kelly Stouffer,1.0,0.0,10.0,0.09090909090909091,11.0
340,Ken Anderson,33.0,0.0,48.0,0.4074074074074074,81.0
341,Ken Dorsey,1.0,0.0,6.0,0.14285714285714285,7.0
342,Ken Karcher,0.0,0.0,1.0,0.0,1.0
343,Ken O'Brien,10.0,0.0,38.0,0.20833333333333334,48.0
344,Ken Stabler,30.0,1.0,32.0,0.48412698412698413,63.0
345,Kenny Pickett,6.0,0.0,9.0,0.4,15.0
346,Kent Graham,4.0,0.0,14.0,0.2222222222222222,18.0
347,Kent Nix,1.0,0.0,8.0,0.1111111111111111,9.0
348,Kerry Collins,24.0,0.0,65.0,0.2696629213483146,89.0
349,Kevin Kolb,3.0,0.0,5.0,0.375,8.0
350,Kevin Sweeney,0.0,0.0,2.0,0.0,2.0
351,Kim McQuilken,0.0,0.0,4.0,0.0,4.0
352,King Hill,0.0,0.0,1.0,0.0,1.0
353,Kirk Cousins,16.0,0.0,46.0,0.25806451612903225,62.0
354,Kordell Stewart,14.0,0.0,19.0,0.42424242424242425,33.0
355,Koy Detmer,1.0,0.0,3.0,0.25,4.0
356,Kurt Kittner,0.0,0.0,1.0,0.0,1.0
357,Kurt Warner,15.0,0.0,26.0,0.36585365853658536,41.0
358,Kyle Allen,3.0,0.0,6.0,0.3333333333333333,9.0
359,Kyle Boller,6.0,0.0,15.0,0.2857142857142857,21.0
360,Kyle Mackey,0.0,0.0,2.0,0.0,2.0
361,Kyle Orton,17.0,0.0,23.0,0.425,40.0
362,Kyler Murray,9.0,0.0,24.0,0.2727272727272727,33.0
363,Lamar Jackson,24.0,0.0,16.0,0.6,40.0
364,Landry Jones,0.0,0.0,2.0,0.0,2.0
365,Larry Cipa,1.0,0.0,0.0,1.0,1.0
366,Larry Rakestraw,0.0,0.0,2.0,0.0,2.0
367,Len Dawson,24.0,4.0,24.0,0.5,52.0
368,Luke Falk,0.0,0.0,2.0,0.0,2.0
369,Luke McCown,1.0,0.0,4.0,0.2,5.0
370,Lynn Dickey,10.0,0.0,31.0,0.24390243902439024,41.0
371,Mac Jones,6.0,0.0,19.0,0.24,25.0
372,Malik Willis,0.0,0.0,1.0,0.0,1.0
373,Marc Bulger,11.0,0.0,34.0,0.24444444444444444,45.0
374,Marc Wilson,10.0,0.0,20.0,0.3333333333333333,30.0
375,Marcus Mariota,14.0,0.0,15.0,0.4827586206896552,29.0
376,Mark Brunell,16.0,0.0,42.0,0.27586206896551724,58.0
377,Mark Herrmann,1.0,0.0,3.0,0.25,4.0
378,Mark Malone,7.0,0.0,20.0,0.25925925925925924,27.0
379,Mark Rypien,16.0,0.0,21.0,0.43243243243243246,37.0
380,Mark Sanchez,8.0,0.0,19.0,0.2962962962962963,27.0
381,Mark Vlasic,1.0,0.0,1.0,0.5,2.0
382,Marlin Briscoe,0.0,0.0,3.0,0.0,3.0
383,Marty Domres,2.0,0.0,13.0,0.13333333333333333,15.0
384,Mason Rudolph,4.0,0.0,3.0,0.5714285714285714,7.0
385,Matt Barkley,0.0,0.0,4.0,0.0,4.0
386,Matt Cassel,8.0,0.0,20.0,0.2857142857142857,28.0
387,Matt Cavanaugh,1.0,0.0,6.0,0.14285714285714285,7.0
388,Matt Flynn,1.0,0.0,1.0,0.5,2.0
389,Matt Hasselbeck,14.0,0.0,43.0,0.24561403508771928,57.0
390,Matt Leinart,3.0,0.0,4.0,0.42857142857142855,7.0
391,Matt Lytle,0.0,0.0,1.0,0.0,1.0
392,Matt Mauck,0.0,0.0,1.0,0.0,1.0
393,Matt McGloin,0.0,0.0,3.0,0.0,3.0
394,Matt Moore,5.0,0.0,11.0,0.3125,16.0
395,Matt Robinson,2.0,0.0,6.0,0.25,8.0
396,Matt Ryan,35.0,0.0,68.0,0.33980582524271846,103.0
397,Matt Schaub,14.0,0.0,30.0,0.3181818181818182,44.0
398,Matt Stevens,0.0,0.0,1.0,0.0,1.0
399,Matthew Stafford,16.0,0.0,80.0,0.16666666666666666,96.0
400,Max Choboian,2.0,0.0,4.0,0.3333333333333333,6.0
401,Max Hall,1.0,0.0,1.0,0.5,2.0
402,Michael Vick,14.0,1.0,30.0,0.32222222222222224,45.0
403,Mike Boryla,1.0,0.0,7.0,0.125,8.0
404,Mike Busch,0.0,0.0,1.0,0.0,1.0
405,Mike Glennon,2.0,0.0,15.0,0.11764705882352941,17.0
406,Mike Hohensee,1.0,0.0,0.0,1.0,1.0
407,Mike Kirkland,0.0,0.0,2.0,0.0,2.0
408,Mike Kruczek,2.0,0.0,0.0,1.0,2.0
409,Mike Livingston,7.0,1.0,33.0,0.18292682926829268,41.0
410,Mike McMahon,0.0,0.0,8.0,0.0,8.0
411,Mike Moroski,0.0,0.0,2.0,0.0,2.0
412,Mike Pagel,1.0,1.0,29.0,0.04838709677419355,31.0
413,Mike Phipps,12.0,1.0,21.0,0.36764705882352944,34.0
414,Mike Rae,0.0,0.0,1.0,0.0,1.0
415,Mike Taliaferro,1.0,0.0,11.0,0.08333333333333333,12.0
416,Mike Tomczak,12.0,0.0,21.0,0.36363636363636365,33.0
417,Mike White,1.0,0.0,5.0,0.16666666666666666,6.0
418,Milt Plum,1.0,1.0,5.0,0.21428571428571427,7.0
419,Mitchell Trubisky,9.0,0.0,16.0,0.36,25.0
420,Moses Moreno,0.0,0.0,1.0,0.0,1.0
421,Nathan Peterman,0.0,0.0,4.0,0.0,4.0
422,Neil Graff,0.0,0.0,2.0,0.0,2.0
423,Neil Lomax,14.0,0.0,32.0,0.30434782608695654,46.0
424,Neil O'Donnell,17.0,0.0,23.0,0.425,40.0
425,Nick Foles,9.0,0.0,19.0,0.32142857142857145,28.0
426,Nick Mullens,2.0,0.0,10.0,0.16666666666666666,12.0
427,Norm Snead,9.0,1.0,37.0,0.20212765957446807,47.0
428,Norris Weese,3.0,0.0,2.0,0.6,5.0
429,Oliver Luck,2.0,0.0,1.0,0.6666666666666666,3.0
430,P.J. Walker,2.0,0.0,2.0,0.5,4.0
431,Pat Haden,12.0,1.0,10.0,0.5434782608695652,23.0
432,Pat Ryan,4.0,0.0,6.0,0.4,10.0
433,Pat Sullivan,0.0,0.0,2.0,0.0,2.0
434,Patrick Mahomes,25.0,0.0,16.0,0.6097560975609756,41.0
435,Patrick Ramsey,3.0,0.0,10.0,0.23076923076923078,13.0
436,Paul Justin,3.0,0.0,3.0,0.5,6.0
437,Paul McDonald,2.0,0.0,7.0,0.2222222222222222,9.0
438,Paxton Lynch,0.0,0.0,2.0,0.0,2.0
439,Pete Beathard,3.0,0.0,11.0,0.21428571428571427,14.0
440,Pete Liske,3.0,0.0,9.0,0.25,12.0
441,Peter Tom Willis,0.0,0.0,2.0,0.0,2.0
442,Peyton Manning,61.0,0.0,57.0,0.5169491525423728,118.0
443,Phil Simms,24.0,0.0,35.0,0.4067796610169492,59.0
444,Philip Rivers,36.0,0.0,62.0,0.3673469387755102,98.0
445,Quincy Carter,4.0,0.0,9.0,0.3076923076923077,13.0
446,Quinn Gray,2.0,0.0,0.0,1.0,2.0
447,Randall Cunningham,29.0,0.0,30.0,0.4915254237288136,59.0
448,Randy Dean,0.0,0.0,2.0,0.0,2.0
449,Randy Fasani,0.0,0.0,1.0,0.0,1.0
450,Randy Hedberg,0.0,0.0,3.0,0.0,3.0
451,Randy Johnson,1.0,0.0,27.0,0.03571428571428571,28.0
452,Randy Wright,4.0,0.0,14.0,0.2222222222222222,18.0
453,Ray Lucas,4.0,0.0,4.0,0.5,8.0
454,Reggie Collier,0.0,0.0,1.0,0.0,1.0
455,Rex Grossman,6.0,0.0,10.0,0.375,16.0
456,Rich Gannon,24.0,0.0,30.0,0.4444444444444444,54.0
457,Richard Todd,17.0,1.0,30.0,0.3645833333333333,48.0
458,Rick Arrington,0.0,1.0,2.0,0.16666666666666666,3.0
459,Rick Mirer,8.0,0.0,27.0,0.22857142857142856,35.0
460,Rick Norton,0.0,0.0,5.0,0.0,5.0
461,Rob Johnson,4.0,0.0,10.0,0.2857142857142857,14.0
462,Robert Griffin III,5.0,0.0,13.0,0.2777777777777778,18.0
463,Rodney Peete,10.0,0.0,28.0,0.2631578947368421,38.0
464,Roger Staubach,26.0,0.0,21.0,0.5531914893617021,47.0
465,Roman Gabriel,26.0,3.0,38.0,0.41044776119402987,67.0
466,Ron Jaworski,18.0,0.0,44.0,0.2903225806451613,62.0
467,Ron Smith,2.0,0.0,3.0,0.4,5.0
468,Ron Vander Kelen,0.0,0.0,3.0,0.0,3.0
469,Rudy Bukich,2.0,0.0,5.0,0.2857142857142857,7.0
470,Russell Wilson,43.0,0.0,41.0,0.5119047619047619,84.0
471,Rusty Hilger,0.0,0.0,7.0,0.0,7.0
472,Rusty Lisch,0.0,0.0,1.0,0.0,1.0
473,Ryan Finley,1.0,0.0,1.0,0.5,2.0
474,Ryan Fitzpatrick,9.0,1.0,55.0,0.14615384615384616,65.0
475,Ryan Leaf,1.0,0.0,7.0,0.125,8.0
476,Ryan Lindley,0.0,0.0,2.0,0.0,2.0
477,Ryan Mallett,1.0,0.0,3.0,0.25,4.0
478,Ryan Tannehill,30.0,0.0,44.0,0.40540540540540543,74.0
479,Sage Rosenfels,2.0,0.0,5.0,0.2857142857142857,7.0
480,Sam Bradford,11.0,1.0,25.0,0.3108108108108108,37.0
481,Sam Darnold,7.0,0.0,20.0,0.25925925925925924,27.0
482,Sam Howell,1.0,0.0,9.0,0.1,10.0
483,Sam Wyche,1.0,0.0,4.0,0.2,5.0
484,Sammy Garza,0.0,0.0,1.0,0.0,1.0
485,Scott Brunner,2.0,0.0,12.0,0.14285714285714285,14.0
486,Scott Bull,1.0,0.0,2.0,0.3333333333333333,3.0
487,Scott Campbell,1.0,0.0,6.0,0.14285714285714285,7.0
488,Scott Covington,1.0,0.0,0.0,1.0,1.0
489,Scott Hunter,9.0,2.0,11.0,0.45454545454545453,22.0
490,Scott Mitchell,13.0,0.0,23.0,0.3611111111111111,36.0
491,Scott Secules,0.0,0.0,2.0,0.0,2.0
492,Scott Tinsley,0.0,0.0,1.0,0.0,1.0
493,Scott Tolzien,0.0,0.0,2.0,0.0,2.0
494,Scott Zolak,2.0,0.0,3.0,0.4,5.0
495,Scotty Glacken,0.0,0.0,1.0,0.0,1.0
496,Sean Mannion,0.0,0.0,1.0,0.0,1.0
497,Sean Salisbury,5.0,0.0,2.0,0.7142857142857143,7.0
498,Seneca Wallace,1.0,0.0,13.0,0.07142857142857142,14.0
499,Shane Matthews,5.0,0.0,8.0,0.38461538461538464,13.0
500,Shaun Hill,5.0,0.0,13.0,0.2777777777777778,18.0
501,Shaun King,6.0,0.0,6.0,0.5,12.0
502,Shawn Halloran,1.0,0.0,1.0,0.5,2.0
503,Skylar Thompson,0.0,0.0,1.0,0.0,1.0
504,Sonny Jurgensen,11.0,1.0,28.0,0.2875,40.0
505,Spergon Wynn,0.0,0.0,2.0,0.0,2.0
506,Stan Gelbaugh,0.0,0.0,7.0,0.0,7.0
507,Stan Humphries,15.0,0.0,20.0,0.42857142857142855,35.0
508,Stephen McGee,1.0,0.0,0.0,1.0,1.0
509,Steve Bartkowski,9.0,0.0,35.0,0.20454545454545456,44.0
510,Steve Beuerlein,13.0,0.0,32.0,0.28888888888888886,45.0
511,Steve Bono,8.0,0.0,8.0,0.5,16.0
512,Steve Bradley,0.0,0.0,1.0,0.0,1.0
513,Steve DeBerg,15.0,1.0,51.0,0.23134328358208955,67.0
514,Steve Dils,4.0,0.0,9.0,0.3076923076923077,13.0
515,Steve Fuller,5.0,0.0,14.0,0.2631578947368421,19.0
516,Steve Grogan,23.0,0.0,32.0,0.41818181818181815,55.0
517,Steve Matthews,1.0,0.0,0.0,1.0,1.0
518,Steve McNair,27.0,0.0,34.0,0.4426229508196721,61.0
519,Steve Myer,0.0,0.0,3.0,0.0,3.0
520,Steve Pelluer,1.0,1.0,14.0,0.09375,16.0
521,Steve Pisarkiewicz,0.0,0.0,1.0,0.0,1.0
522,Steve Ramsey,1.0,0.0,11.0,0.08333333333333333,12.0
523,Steve Spurrier,3.0,0.0,14.0,0.17647058823529413,17.0
524,Steve Stenstrom,0.0,0.0,5.0,0.0,5.0
525,Steve Tensi,4.0,0.0,16.0,0.2,20.0
526,Steve Walsh,6.0,0.0,14.0,0.3,20.0
527,Steve Young,26.0,0.0,27.0,0.49056603773584906,53.0
528,Stoney Case,1.0,0.0,2.0,0.3333333333333333,3.0
529,T.J. Rubley,0.0,0.0,2.0,0.0,2.0
530,T.J. Yates,3.0,0.0,3.0,0.5,6.0
531,Tarvaris Jackson,6.0,0.0,9.0,0.4,15.0
532,Taylor Heinicke,4.0,1.0,10.0,0.3,15.0
533,Taysom Hill,6.0,0.0,5.0,0.5454545454545454,11.0
534,Teddy Bridgewater,5.0,0.0,19.0,0.20833333333333334,24.0
535,Terrelle Pryor,1.0,0.0,5.0,0.16666666666666666,6.0
536,Terry Bradshaw,31.0,0.0,31.0,0.5,62.0
537,Terry Hanratty,2.0,0.0,8.0,0.2,10.0
538,Terry Nofsinger,0.0,0.0,2.0,0.0,2.0
539,Thaddeus Lewis,0.0,0.0,3.0,0.0,3.0
540,Tim Boyle,0.0,0.0,1.0,0.0,1.0
541,Tim Couch,7.0,0.0,21.0,0.25,28.0
542,Tim Hasselbeck,0.0,0.0,2.0,0.0,2.0
543,Tim Rattay,1.0,0.0,6.0,0.14285714285714285,7.0
544,Tim Tebow,0.0,0.0,3.0,0.0,3.0
545,Tim Van Galder,0.0,0.0,2.0,0.0,2.0
546,Timm Rosenbach,1.0,0.0,11.0,0.08333333333333333,12.0
547,Todd Blackledge,5.0,0.0,9.0,0.35714285714285715,14.0
548,Todd Bouman,0.0,0.0,3.0,0.0,3.0
549,Todd Collins,7.0,0.0,7.0,0.5,14.0
550,Todd Hons,0.0,0.0,1.0,0.0,1.0
551,Todd Marinovich,1.0,0.0,4.0,0.2,5.0
552,Todd Philcox,0.0,0.0,1.0,0.0,1.0
553,Tom Brady,82.0,0.0,55.0,0.5985401459854015,137.0
554,Tom Flick,1.0,0.0,1.0,0.5,2.0
555,Tom Flores,3.0,0.0,3.0,0.5,6.0
556,Tom Hodson,0.0,0.0,7.0,0.0,7.0
557,Tom Owen,0.0,0.0,2.0,0.0,2.0
558,Tom Ramsey,2.0,0.0,2.0,0.5,4.0
559,Tom Savage,0.0,0.0,5.0,0.0,5.0
560,Tom Sherman,0.0,0.0,2.0,0.0,2.0
561,Tom Tupa,2.0,0.0,4.0,0.3333333333333333,6.0
562,Tommy DeVito,1.0,0.0,3.0,0.25,4.0
563,Tommy Kramer,15.0,0.0,25.0,0.375,40.0
564,Tommy Maddox,5.0,1.0,12.0,0.3055555555555556,18.0
565,Tony Adams,0.0,0.0,4.0,0.0,4.0
566,Tony Banks,11.0,0.0,24.0,0.3142857142857143,35.0
567,Tony Eason,3.0,0.0,16.0,0.15789473684210525,19.0
568,Tony Romo,19.0,0.0,30.0,0.3877551020408163,49.0
569,Trent Dilfer,18.0,0.0,30.0,0.375,48.0
570,Trent Edwards,2.0,0.0,11.0,0.15384615384615385,13.0
571,Trent Green,20.0,0.0,33.0,0.37735849056603776,53.0
572,Trevor Lawrence,12.0,0.0,19.0,0.3870967741935484,31.0
573,Trevor Siemian,5.0,0.0,12.0,0.29411764705882354,17.0
574,Trey Lance,1.0,0.0,1.0,0.5,2.0
575,Troy Aikman,30.0,0.0,45.0,0.4,75.0
576,Troy Smith,1.0,0.0,3.0,0.25,4.0
577,Tua Tagovailoa,9.0,0.0,14.0,0.391304347826087,23.0
578,Turk Schonert,2.0,0.0,3.0,0.4,5.0
579,Ty Detmer,4.0,0.0,10.0,0.2857142857142857,14.0
580,Tyler Huntley,1.0,0.0,5.0,0.16666666666666666,6.0
581,Tyler Palko,0.0,0.0,2.0,0.0,2.0
582,Tyler Thigpen,0.0,0.0,5.0,0.0,5.0
583,Tyree Jackson,0.0,0.0,1.0,0.0,1.0
584,Tyrod Taylor,8.0,1.0,19.0,0.30357142857142855,28.0
585,Tyson Bagent,0.0,0.0,1.0,0.0,1.0
586,Vince Evans,5.0,0.0,13.0,0.2777777777777778,18.0
587,Vince Ferragamo,2.0,0.0,9.0,0.18181818181818182,11.0
588,Vince Young,8.0,0.0,13.0,0.38095238095238093,21.0
589,Vinny Testaverde,30.0,0.0,75.0,0.2857142857142857,105.0
590,Virgil Carter,2.0,0.0,5.0,0.2857142857142857,7.0
591,Wade Wilson,12.0,0.0,24.0,0.3333333333333333,36.0
592,Warren Moon,40.0,0.0,50.0,0.4444444444444444,90.0
593,Wayne Clark,0.0,0.0,3.0,0.0,3.0
594,Will Furrer,0.0,0.0,1.0,0.0,1.0
595,Will Grier,0.0,0.0,1.0,0.0,1.0
596,Will Levis,1.0,0.0,6.0,0.14285714285714285,7.0
597,Willie Totten,0.0,0.0,1.0,0.0,1.0
598,Zach Mettenberger,0.0,0.0,7.0,0.0,7.0
599,Zach Wilson,6.0,0.0,13.0,0.3157894736842105,19.0
600,Zeke Bratkowski,1.0,0.0,2.0,0.3333333333333333,3.0
